{
    "hidden_layer": [
        {
            "weight": -0.40028859013841245,
            "bias": -0.22027974016214055
        },
        {
            "weight": 0.1269029167248754,
            "bias": -0.5638744966362247
        },
        {
            "weight": 0.3650757105364326,
            "bias": -0.23288092527827992
        },
        {
            "weight": 1.0782800441996143,
            "bias": -0.48567220478322093
        }
    ],
    "output_layer": {
        "weights": [
            -0.033572250695810844,
            0.497723261751987,
            0.40895877594081004,
            0.2578169894191291
        ],
        "bias": -0.0033865293408008802
    }
}